# NOTE: if this file is changed, also change `index.yaml` in planner test to ensure
# create mv is using index.

statement ok
create table iii_t1 (v1 int, v2 int);

statement ok
create table iii_t2 (v3 int, v4 int);

statement ok
create table iii_t3 (v5 int, v6 int);

statement ok
create materialized view iii_mv1 as select * from iii_t1, iii_t2, iii_t3 where iii_t1.v1 = iii_t2.v3 and iii_t1.v1 = iii_t3.v5;

statement ok
insert into iii_t1 values (2, 0), (3, 0), (0, 0), (1, 0);

statement ok
insert into iii_t2 values (2, 5), (3, 4), (0, 3), (1, 2);

statement ok
insert into iii_t3 values (2, 0), (3, 0), (0, 0), (1, 0);

statement ok
flush;

statement ok
create index iii_index on iii_mv1(v4);

# TODO: disable direct select from index

query IIII
select v4, v1, v3, v5 from iii_index;
----
2 1 1 1
3 0 0 0
4 3 3 3
5 2 2 2

# create MV using index

statement ok
create index iii_index_1 on iii_t1(v1);

statement ok
create index iii_index_2 on iii_t2(v3);

statement ok
create materialized view iii_mv2 as select * from iii_t1, iii_t2 where iii_t1.v1 = iii_t2.v3;

query IIII rowsort
select v1, v2, v3, v4 from iii_mv2;
----
2 0 2 5
3 0 3 4
0 0 0 3
1 0 1 2

statement ok
insert into iii_t1 values (2, 0), (3, 0), (0, 0), (1, 0), (5, 5);

statement ok
insert into iii_t2 values (2, 5), (3, 4), (0, 3), (1, 2), (5, 5);

statement ok
flush;

query IIII rowsort
select v1, v2, v3, v4 from iii_mv2;
----
2 0 2 5
2 0 2 5
2 0 2 5
2 0 2 5
3 0 3 4
3 0 3 4
3 0 3 4
3 0 3 4
0 0 0 3
0 0 0 3
0 0 0 3
0 0 0 3
1 0 1 2
1 0 1 2
1 0 1 2
1 0 1 2
5 5 5 5

statement ok
drop materialized view iii_mv2

statement ok
create materialized view iii_mv3 as select v4 from iii_t1, iii_t2 where iii_t1.v1 = iii_t2.v3;

query IIII rowsort
select v4 from iii_mv3;
----
5
5
5
5
4
4
4
4
3
3
3
3
2
2
2
2
5

statement ok
drop materialized view iii_mv3

statement ok
drop index iii_index_2

statement ok
drop index iii_index_1

statement ok
drop index iii_index;

statement ok
drop materialized view iii_mv1;

statement ok
drop table iii_t1;

statement ok
drop table iii_t2;

statement ok
drop table iii_t3;
