statement ok
create table t1(v1 int, v2 int);

statement ok
create table t2(v1 real, v2 int, v3 real);

statement ok
create materialized view m1 as select v1, v2 from t1 where v1 = 1;

statement ok
create materialized view m2 as select v1, v2 from t1 where v2 = 1;

statement ok
create materialized view m3 as select sum(m1.v1) as sum_m1_v1, sum(m1.v2) as sum_m1_v2 from m1;

statement ok
create materialized view m4 as select m1.v1 as m1v1, m1.v2 as m1v2, m2.v1 as m2v1, m2.v2 as m2v2 from m1 join m2 on m1.v1 = m2.v1;

statement ok
insert into t1 values (2,1),(1,2),(1,1);

statement ok
flush;

query II rowsort
select v1, v2 from t1;
----
2 1
1 2
1 1

query II rowsort
select v1, v2 from m1;
----
1 2
1 1

query II rowsort
select v1, v2 from m2;
----
2 1
1 1

query II rowsort
select sum_m1_v1, sum_m1_v2 from m3;
----
2 3

query IIII rowsort
select m1v1, m1v2, m2v1, m2v2 from m4;
----
1 2 1 1
1 1 1 1

statement ok
create materialized view m5 as select m1.v1 as m1v1, m1.v2 as m1v2, m2.v1 as m2v1, m2.v2 as m2v2 from m1 join m2 on m1.v1 = m2.v1;

query IIII rowsort
select m1v1, m1v2, m2v1, m2v2 from m5;
----
1 2 1 1
1 1 1 1

statement ok
insert into t1 values (3,1),(1,3);

statement ok
flush;

query IIII rowsort
select m1v1, m1v2, m2v1, m2v2 from m5;
----
1 2 1 1
1 1 1 1
1 3 1 1

statement ok
create materialized view m6 as select v2, v3, v1 from t2;

statement ok
create materialized view m7 as select sum(v1) as sum_v1, avg(v3) as avg_v3 from m6 group by v1;

statement ok
create materialized view m8 as select sum(v1) as sum_v1 from m6 group by v2;

statement ok
insert into t2 values (1,2,3),(1,5,6),(3,2,6);

statement ok
flush;

query III rowsort
select v1, v2, v3 from t2;
----
1 2 3
1 5 6
3 2 6

query III rowsort
select v2, v3, v1 from m6;
----
2 3 1
5 6 1
2 6 3

query II rowsort
select sum_v1, avg_v3 from m7;
----
2 4.5
3 6

query I rowsort
select sum_v1 from m8;
----
4
1

statement ok
create materialized view m9 as select * from t2;

statement ok
create materialized view m10 as select sum(v1) as sum_v1, sum(v3) as sum_v3 from m9 group by v2;

query III rowsort
select v1, v2, v3 from m9;
----
1 2 3
1 5 6
3 2 6

query II rowsort
select sum_v1, sum_v3 from m10;
----
4 9
1 6

statement ok
create table t3(v1 int, v2 int, v3 int);

statement ok
insert into t3 values (1,2,3),(1,5,6),(3,2,6);

statement ok
flush;

statement ok
create materialized view m11 as select v1, v2, v3 from t3;

statement ok
create materialized view m12 as select round(avg(v1), 1) as avg_v1, sum(v2) as sum_v2, count(v3) as count_v3 from m11;

query III rowsort
select v1, v2, v3 from m11;
----
1 2 3
1 5 6
3 2 6

query III
select avg_v1, sum_v2, count_v3 from m12;
----
1.7 9 3

statement ok
create table t4(v1 real);

statement ok
insert into t4 values(1),(2),(3);

statement ok
flush;

statement ok
create materialized view m13 as select * from t4;

statement ok
create materialized view m14 as select count(v1) as count_v1 from m13;

query I rowsort
select v1 from m13;
----
1
2
3

query I rowsort
select * from m14;
----
3

statement ok
create materialized view m15 as select * from (select t1.v1 as t1v1, t2.v1 as t2v1 from m13 t1 join m13 t2 on t1.v1 = t2.v1);

query II rowsort
select t1v1, t2v1 from m15;
----
1 1
2 2
3 3

statement ok
create materialized view m16 as select 1 as v1 from t1 as tt1 join t1 on tt1.v1 = t1.v1;

statement ok
create materialized view m17 as select 1 as v1 from m16 as mm16 join m16 on mm16.v1 = m16.v1;

statement ok
drop materialized view m3;

statement ok
drop materialized view m4;

statement ok
drop materialized view m5;

statement ok
drop materialized view m1;

statement ok
drop materialized view m2;

statement ok
drop materialized view m17;

statement ok
drop materialized view m16;

statement ok
drop table t1;


statement ok
drop materialized view m7;

statement ok
drop materialized view m8;

statement ok
drop materialized view m6;

statement ok
drop materialized view m10;

statement ok
drop materialized view m9;

statement ok
drop table t2;


statement ok
drop materialized view m12;

statement ok
drop materialized view m11;

statement ok
drop table t3;

statement ok
drop materialized view m14;

statement ok
drop materialized view m15;

statement ok
drop materialized view m13;

statement ok
drop table t4;

statement ok
create table t (v1 varchar, v2 varchar, v3 varchar);

statement ok
insert into
    t
values
    (
        'abc',
        '2022-06-08 09:38:00',
        'world'
    ),
    (
        'abc',
        '2022-06-08 09:39:00',
        'world'
    );

statement ok
flush

statement ok
create materialized view mv as
select
    *
from
    t
group by
    v1,
    v2,
    v3;

statement ok
create materialized view mv2 as
select
    max(v1) as v1
from
    mv
where
    v3 = 'world';

statement ok
drop materialized view mv2;

statement ok
drop materialized view mv;

statement ok
drop table t;
