statement ok
SET RW_IMPLICIT_FLUSH TO true;

statement ok
create table t1 (v1 int, v2 int, v3 int);

statement ok
insert into t1 values (1,1,4), (5,1,4), (1,9,1), (9,8,1), (0,2,3);

statement ok
create materialized view mv1 as select * from t1 order by v1;

statement ok
create materialized view mv2 as select * from t1 order by v1 limit 3;

statement ok
create materialized view mv3 as select * from t1 order by v1 limit 3 offset 1;

statement ok
flush;

query III rowsort
select v1, v2, v3 from mv1;
----
0 2 3
1 1 4
1 9 1
5 1 4
9 8 1

query III rowsort
select v1, v2, v3 from mv2;
----
0 2 3
1 1 4
1 9 1

query III rowsort
select v1, v2, v3 from mv3;
----
1 1 4
1 9 1
5 1 4

statement ok
drop materialized view mv1

statement ok
drop materialized view mv2

statement ok
drop materialized view mv3

statement ok
drop table t1
