statement ok
SET RW_IMPLICIT_FLUSH TO true;

statement ok
create table t(x int, y int);

statement ok
insert into t values(1, 2), (1, 100), (100, 4);

statement ok
create materialized view mv1 as select count(x) filter (where x < 100) as count_x, sum(y) filter (where y < 100) as sum_y from t;

statement ok
create materialized view mv2 as select count(x) filter (where x < 100) as count_x, sum(y) filter (where y < 100) as sum_y from t group by x;

statement ok
flush;

query I
select * from mv1;
----
2 6

query II
select * from mv2 order by count_x;
----
0 4
2 2

statement ok
drop materialized view mv1;

statement ok
drop materialized view mv2;

statement ok
drop table t;