statement ok
create table t1 (row_id int, uid int, v int, created_at timestamp);

statement ok
insert into t1 values
    (1, 1, 4, '2022-01-01 10:00:00'),
    (2, 3, 3, '2022-01-01 10:05:00'),
    (3, 2, 2, '2022-01-01 10:14:00'),
    (4, 1, 1, '2022-01-01 10:22:00'),
    (5, 3, 5, '2022-01-01 10:33:00'),
    (6, 2, 7, '2022-01-01 10:42:00'),
    (7, 1, 6, '2022-01-01 10:51:00'),
    (8, 3, 8, '2022-01-01 11:02:00');

statement ok
create materialized view mv_tumble as
select * from tumble(t1, created_at, interval '30' minute);

statement ok
create materialized view mv_hop as
select * from hop(t1, created_at, interval '15' minute, interval '30' minute);

statement ok
create materialized view mv_tumble_agg_1 as
select sum(v) as sum_v, window_start
from tumble(t1, created_at, interval '30' minute)
group by window_start;

statement ok
create materialized view mv_tumble_agg_2 as
select uid, sum(v) as sum_v, window_start
from tumble(t1, created_at, interval '30' minute)
group by window_start, uid;

statement ok
create materialized view mv_hop_agg_1 as
select sum(v) as sum_v, window_start
from hop(t1, created_at, interval '15' minute, interval '30' minute)
group by window_start;

statement ok
create materialized view mv_hop_agg_2 as
select uid, sum(v) as sum_v, window_start
from hop(t1, created_at, interval '15' minute, interval '30' minute)
group by window_start, uid;

statement ok
flush;

query IITTT
select row_id, uid, created_at, window_start, window_end
from mv_tumble order by row_id, window_start;
----
1 1 2022-01-01 10:00:00 2022-01-01 10:00:00 2022-01-01 10:30:00
2 3 2022-01-01 10:05:00 2022-01-01 10:00:00 2022-01-01 10:30:00
3 2 2022-01-01 10:14:00 2022-01-01 10:00:00 2022-01-01 10:30:00
4 1 2022-01-01 10:22:00 2022-01-01 10:00:00 2022-01-01 10:30:00
5 3 2022-01-01 10:33:00 2022-01-01 10:30:00 2022-01-01 11:00:00
6 2 2022-01-01 10:42:00 2022-01-01 10:30:00 2022-01-01 11:00:00
7 1 2022-01-01 10:51:00 2022-01-01 10:30:00 2022-01-01 11:00:00
8 3 2022-01-01 11:02:00 2022-01-01 11:00:00 2022-01-01 11:30:00

query IITTT
select row_id, uid, created_at, window_start, window_end
from mv_hop order by row_id, window_start;
----
1 1 2022-01-01 10:00:00 2022-01-01 09:45:00 2022-01-01 10:15:00
1 1 2022-01-01 10:00:00 2022-01-01 10:00:00 2022-01-01 10:30:00
2 3 2022-01-01 10:05:00 2022-01-01 09:45:00 2022-01-01 10:15:00
2 3 2022-01-01 10:05:00 2022-01-01 10:00:00 2022-01-01 10:30:00
3 2 2022-01-01 10:14:00 2022-01-01 09:45:00 2022-01-01 10:15:00
3 2 2022-01-01 10:14:00 2022-01-01 10:00:00 2022-01-01 10:30:00
4 1 2022-01-01 10:22:00 2022-01-01 10:00:00 2022-01-01 10:30:00
4 1 2022-01-01 10:22:00 2022-01-01 10:15:00 2022-01-01 10:45:00
5 3 2022-01-01 10:33:00 2022-01-01 10:15:00 2022-01-01 10:45:00
5 3 2022-01-01 10:33:00 2022-01-01 10:30:00 2022-01-01 11:00:00
6 2 2022-01-01 10:42:00 2022-01-01 10:15:00 2022-01-01 10:45:00
6 2 2022-01-01 10:42:00 2022-01-01 10:30:00 2022-01-01 11:00:00
7 1 2022-01-01 10:51:00 2022-01-01 10:30:00 2022-01-01 11:00:00
7 1 2022-01-01 10:51:00 2022-01-01 10:45:00 2022-01-01 11:15:00
8 3 2022-01-01 11:02:00 2022-01-01 10:45:00 2022-01-01 11:15:00
8 3 2022-01-01 11:02:00 2022-01-01 11:00:00 2022-01-01 11:30:00

query IT
select * from mv_tumble_agg_1 order by window_start;
----
10 2022-01-01 10:00:00
18 2022-01-01 10:30:00
 8 2022-01-01 11:00:00

query IIT
select * from mv_tumble_agg_2 order by window_start, uid;
----
1 5 2022-01-01 10:00:00
2 2 2022-01-01 10:00:00
3 3 2022-01-01 10:00:00
1 6 2022-01-01 10:30:00
2 7 2022-01-01 10:30:00
3 5 2022-01-01 10:30:00
3 8 2022-01-01 11:00:00

query IT
select * from mv_hop_agg_1 order by window_start;
----
 9 2022-01-01 09:45:00
10 2022-01-01 10:00:00
13 2022-01-01 10:15:00
18 2022-01-01 10:30:00
14 2022-01-01 10:45:00
 8 2022-01-01 11:00:00

query IIT
select * from mv_hop_agg_2 order by window_start, uid;
----
1 4 2022-01-01 09:45:00
2 2 2022-01-01 09:45:00
3 3 2022-01-01 09:45:00
1 5 2022-01-01 10:00:00
2 2 2022-01-01 10:00:00
3 3 2022-01-01 10:00:00
1 1 2022-01-01 10:15:00
2 7 2022-01-01 10:15:00
3 5 2022-01-01 10:15:00
1 6 2022-01-01 10:30:00
2 7 2022-01-01 10:30:00
3 5 2022-01-01 10:30:00
1 6 2022-01-01 10:45:00
3 8 2022-01-01 10:45:00
3 8 2022-01-01 11:00:00

statement ok
drop materialized view mv_tumble;

statement ok
drop materialized view mv_hop;

statement ok
drop materialized view mv_tumble_agg_1;

statement ok
drop materialized view mv_tumble_agg_2;

statement ok
drop materialized view mv_hop_agg_1;

statement ok
drop materialized view mv_hop_agg_2;

statement error
create materialized view invalid_hop as
select * from hop(t1, created_at, interval '0', interval '1');

statement error
create materialized view invalid_hop as
select * from hop(t1, created_at, interval '1', interval '-1');

statement error
create materialized view invalid_hop as
select * from hop(t1, created_at, interval '-1', interval '1');

statement error
create materialized view invalid_hop as
select * from hop(t1, created_at, interval '-1', interval '-1');

statement ok
drop table t1;
