statement ok
create source s (v1 int not null, v2 char(8) not null) with ( 'upstream.source' = 'kafka', 'kafka.topic' = 'kafka_1_partition_topic', 'kafka.bootstrap.servers' = 'localhost:29092' ) row format 'json'

query IT rowsort
select * from s
----
1 1
2 22
3 333
4 4444

statement ok
drop source s

statement ok
create source s (v1 int not null, v2 char(8) not null) with ( 'upstream.source' = 'kafka', 'kafka.topic' = 'kafka_2_partition_topic', 'kafka.bootstrap.servers' = 'localhost:29092' ) row format 'json'

query IT rowsort
select * from s
----
1 1
2 22
3 333
4 4444

statement ok
drop source s

statement ok
create source s (v1 int not null, v2 char(8) not null) with ( 'upstream.source' = 'kafka', 'kafka.topic' = 'kafka_3_partition_topic', 'kafka.bootstrap.servers' = 'localhost:29092' ) row format 'json'

query IT rowsort
select * from s
----
1 1
2 22
3 333
4 4444

statement ok
drop source s

statement ok
create source s (v1 int not null, v2 char(8) not null) with ( 'upstream.source' = 'kafka', 'kafka.topic' = 'kafka_4_partition_topic', 'kafka.bootstrap.servers' = 'localhost:29092' ) row format 'json'

query IT rowsort
select * from s
----
1 1
2 22
3 333
4 4444

statement ok
drop source s

statement ok
create source s (v1 int not null, v2 char(8) not null) with ( 'upstream.source' = 'kafka', 'kafka.topic' = 'kafka_4_partition_topic_with_100_message', 'kafka.bootstrap.servers' = 'localhost:29092' ) row format 'json'

query I
select count(*) from s
----
100

statement ok
drop source s
