statement ok
SET RW_IMPLICIT_FLUSH TO true;

statement ok
set rw_batch_enable_lookup_join to true;

statement ok
create table t1 (v1 int, v2 int);

statement ok
create table t2 (v1 int, v2 int);

statement ok
insert into t1 values (3, 3), (1, 1), (1, 4), (5, 5);

statement ok
insert into t2 values (1, 3), (1, 5), (4, 10);

statement ok
create materialized view t3 as select v1, count(*) as v2 from t2 group by v1;

query IIII
select * from t1 left join t3 on t1.v1 = t3.v1 order by t1.v1, t1.v2;
----
1 1 1 2
1 4 1 2
3 3 NULL NULL
5 5 NULL NULL

query IIII
select * from t1 left join t3 on t1.v1 = t3.v1 where t1.v1 > 1 order by t1.v1, t1.v2;
----
3 3 NULL NULL
5 5 NULL NULL

query IIII
select * from t1 join t3 on t1.v1 = t3.v1 order by t1.v1, t1.v2;
----
1 1 1 2
1 4 1 2

query IIII
select * from t1 join t3 on t1.v1 = t3.v1 where t1.v1 > 1 order by t1.v1, t1.v2;
----

query IIII
select * from t1 right join t3 on t1.v1 = t3.v1 order by t1.v1, t1.v2;
----
1 1 1 2
1 4 1 2
NULL NULL 4 1

statement ok
drop materialized view t3;

statement ok
drop table t1;

statement ok
drop table t2;

statement ok
create table t1 (v1 varchar, v2 varchar);

statement ok
create table t2 (v1 varchar, v2 varchar);

statement ok
insert into t1 values ('norm', 'forl');

statement ok
insert into t2 values ('do', 'gww'), ('f', 'flow'), ('hi', 'hello');

statement ok
create materialized view t3 as select count(*) as v1, v2 from t2 group by v2;

query IIII
select * from t1 left join t3 on t1.v2 = t3.v2;
----
norm forl NULL NULL

statement ok
insert into t1 values ('fire', 'gww');

query IIII
select * from t1 join t3 on t1.v2 = t3.v2;
----
fire gww 1 gww

query IIII
select t1.v2, t3.v2 from t1 join t3 on t1.v2 = t3.v2;
----
gww gww

query IIII
select t3.v1 from t1 join t3 on t1.v2 = t3.v2;
----
1

query IIII
select * from t1 right join t3 on t1.v1 = t3.v2 order by t3.v1, t3.v2;
----
NULL NULL 1 flow
NULL NULL 1 gww
NULL NULL 1 hello


statement ok
drop materialized view t3;

statement ok
drop table t1;

statement ok
drop table t2;

statement ok
create table t1 (v1 int);

statement ok
create table t2 (v1 bigint);

statement ok
create table t3 (v1 float);

statement ok
create table t4 (v1 varchar);

statement ok
create table t5 (v1 decimal);

statement ok
create materialized view t6 as select v1, count(*) as v2 from t5 group by v1;

statement ok
insert into t1 values (2);

statement ok
insert into t2 values (2);

statement ok
insert into t3 values (2);

statement ok
insert into t4 values ('bad');

statement ok
insert into t5 values (2);

query IIII
select * from t1 join t6 on t1.v1 = t6.v1;
----
2 2 1

query IIII
select * from t2 join t6 on t2.v1 = t6.v1;
----
2 2 1

query IIII
select * from t3 join t6 on t3.v1 = t6.v1;
----
2 2 1

statement ok
drop materialized view t6;

statement ok
drop table t1;

statement ok
drop table t2;

statement ok
drop table t3;

statement ok
drop table t4;

statement ok
drop table t5;

statement ok
create table t1 (v1 int);

statement ok
create table t2 (v1 int);

statement ok
create materialized view t3 as select v1 from t2 group by v1;

statement ok
insert into t1 values (null);

statement ok
insert into t2 values (null);

query II
select * from t1 join t3 on t1.v1 = t3.v1;
----

query II
select * from t1 left join t3 on t1.v1 = t3.v1;
----
NULL NULL

statement ok
insert into t1 values (1);

query II
select * from t1 join t3 on t1.v1 = t3.v1;
----

statement ok
drop materialized view t3;

statement ok
drop table t1;

statement ok
drop table t2;

statement ok
set rw_batch_enable_lookup_join to false;
