query T
select timestamp '1926-08-17 00:00:00' + interval '1' second + interval '1' second;
----
1926-08-17 00:00:02

query T
select timestamp '1926-08-17 00:00:00' + interval '1' year + interval '14' month - interval '1' day + interval '1' hour + interval '1' minute - interval '1' second;
----
1928-10-16 01:00:59

query T
select interval '1' day + timestamp '2022-02-22 00:00:00';
----
2022-02-23 00:00:00

query T
select interval '1' second * 59;
----
00:00:59

query T
select 61 * interval '1' second;
----
00:01:01

query T
select timestamp '1926-08-17 00:00:00'
----
1926-08-17 00:00:00

query T
select timestamp '1926-08-17'
----
1926-08-17 00:00:00

query T
select timestamp '1926-08-17' + interval '1' year + interval '14' month - interval '1' day + interval '1' hour + interval '1' minute - interval '1' second;
----
1928-10-16 01:00:59

query T
select interval '1' day + timestamp '2022-02-22';
----
2022-02-23 00:00:00

query T
select timestamp '2022-02-22 10:23';
----
2022-02-22 10:23:00

query T
select time '10:23';
----
10:23:00