statement ok
SET RW_IMPLICIT_FLUSH TO true;

query T
select ARRAY['foo', 'bar', null];
----
{foo,bar,NULL}

query T
select ARRAY[1,2+3,4*5+1];
----
{1,5,21}

query T
select ARRAY[null];
----
{NULL}

statement error
select ARRAY[];

statement ok
create table t (v1 int);

statement ok
insert into t values (1), (2), (3);

query T
select ARRAY[1, v1*2] from t;
----
{1,2}
{1,4}
{1,6}

statement ok
drop table t;
