query TTTTT
select interval '500' year, interval '-50' month, interval '5' hour, interval '5' minute, interval '5' second;
----
500 years 00:00:00 -4 years -2 mons 00:00:00 05:00:00 00:05:00 00:00:05

query TTTTT
SELECT interval '1 year', interval '1 y', interval '1 yr';
----
1 year 00:00:00 1 year 00:00:00 1 year 00:00:00

query TTTTT
SELECT interval '2 month', interval '2 mon';
----
2 mons 00:00:00 2 mons 00:00:00

query TTTTT
SELECT interval '3 day';
----
3 days 00:00:00

query TTTTT
SELECT interval '4 hour';
----
04:00:00

query TTTTT
SELECT interval '5 minute', interval '2 m';
----
00:05:00 00:02:00

query TTTTT
SELECT interval '6 second';
----
00:00:06

query T
SELECT '6'::interval;
----
00:00:06

query T
SELECT concat(5, 'minute')::interval;
----
00:05:00

query T
SELECT interval '1' month = interval '30' day;
----
t

query T
SELECT interval '1' day = interval '24' hour;
----
t

query T
SELECT interval '1' day = interval '86400' second;
----
t

query T
SELECT interval '1' day - interval '12' hour = interval '12' hour;
----
t

query T
SELECT 1.5 * INTERVAL '3 mins';
----
00:04:30

query T
SELECT INTERVAL '3 mins' * 1.5;
----
00:04:30

# https://github.com/piestreamlabs/piestream/issues/3873
query TTTTT
select distinct * from (values (interval '1' month), (interval '30' day)) as t;
----
30 days 00:00:00

query TTTTT
select distinct * from (values (interval '30' day), (interval '1' month)) as t;
----
30 days 00:00:00

query TTTTT
select distinct * from (values (interval '720' hour), (interval '1' month)) as t;
----
30 days 00:00:00

query TTTTTT
select interval '1 year 1 month 1 day 1';
----
1 year 1 mon 1 day 00:00:01

query TTTTTT
select interval '1 year 1 month 1 day 1:';
----
1 year 1 mon 1 day 01:00:00

query TTTTTT
select interval '1 year 1 month 1 day 1:1';
----
1 year 1 mon 1 day 01:01:00

query TTTTTT
select interval '1 year 1 month 1 day 1:1:1.009';
----
1 year 1 mon 1 day 01:01:01.009