statement ok
SET RW_IMPLICIT_FLUSH TO true;

query T
select Row('foo', 'bar', null);
----
(foo,bar,NULL)

query T
select Row();
----
()

query T
select Row(null);
----
(NULL)

statement ok
create table t (v1 int);

statement ok
insert into t values (1), (2), (3);

query T
select Row(1, v1*2) from t;
----
(1,2)
(1,4)
(1,6)

query I
select * from t where Row(1,v1*2) < Row(1,6);
----
1
2

query I
select * from t where Row(1,v1*2) <= Row(1,6);
----
1
2
3

query I
select * from t where Row(1,v1*2) > Row(1,2);
----
2
3

statement ok
drop table t;