query T
values(extract(hour from timestamp '2001-02-16 20:38:40'));
----
20

query R
SELECT EXTRACT(DOW FROM TIMESTAMP '2001-02-16 20:38:40');
----
5

query R
SELECT EXTRACT(DOY FROM TIMESTAMP '2001-02-16 20:38:40');
----
47

query TTTTT
select timestamp '2001-03-16 23:38:45' - timestamp '2001-02-16 20:38:40';
----
28 days 03:00:05

query T
select TIME '19:46:41' <= TIME '11:33:43';
----
f

query T
select TIME '19:46:41' >= TIME '11:33:43';
----
t

query T
select time '12:30:00' < interval '1 day';
----
t

statement ok
create table t (v1 time, v2 timestamp, v3 date);

statement ok
insert into t values ('20:55:12', '2022-07-12 20:55:12', '2022-07-12');

statement ok
insert into t values ('10:13:36.07'::TIME, '2019-10-08 10:13:36.07'::TIMESTAMP, '2019-10-08'::DATE);

query TTT rowsort
select * from t;
----
10:13:36.070 2019-10-08 10:13:36.070 2019-10-08
20:55:12 2022-07-12 20:55:12 2022-07-12

query T
select v3 from t where v3 > '2022-01-01'::DATE;
----
2022-07-12

statement ok
drop table t;
