# Input with either space or `T` as date and time separator
# Input in whatever timezone
# Output always in UTC (rather than session TimeZone yet)

query T
select '2022-10-01 12:00:00-08:00'::timestamp with time zone;
----
2022-10-01 20:00:00+00:00

query T
select '2022-10-01 12:00:00+08:00'::timestamp with time zone;
----
2022-10-01 04:00:00+00:00

query T
select '2022-10-01 12:00:00+00:00'::timestamp with time zone;
----
2022-10-01 12:00:00+00:00

query T
select '2022-10-01 12:00:00Z'::timestamp with time zone;
----
2022-10-01 12:00:00+00:00

query T
select '2022-10-01T12:00:00-08:00'::timestamp with time zone;
----
2022-10-01 20:00:00+00:00

query T
select '2022-10-01T12:00:00+08:00'::timestamp with time zone;
----
2022-10-01 04:00:00+00:00

query T
select '2022-10-01T12:00:00+00:00'::timestamp with time zone;
----
2022-10-01 12:00:00+00:00

query T
select '2022-10-01T12:00:00Z'::timestamp with time zone;
----
2022-10-01 12:00:00+00:00

query T
select '2022-10-01 12:00:00+01:00'::timestamp with time zone BETWEEN '2022-10-01T10:59:59Z' AND '2022-10-01T11:00:01Z';
----
t

statement ok
create table t (v1 int, v2 timestamp with time zone);

statement ok
insert into t values (7, '2022-10-01 12:00:00+01:00'), (9, '2022-10-01 12:01:00+01:00'), (2, '2022-10-01 12:02:00+01:00');

query T
select v1, v2 from t where v2 BETWEEN '2022-10-01T11:00:05Z' AND '2022-10-01T11:01:05Z';
----
9 2022-10-01 11:01:00+00:00

statement ok
drop table t;

# Timestamptz values can also be constructed from unix epoch seconds

query T
select to_timestamp(1262349296.7890123);
----
2010-01-01 12:34:56.789012+00:00

query R
select extract(epoch from '2010-01-01 12:34:56.789012Z'::timestamp with time zone);
----
1262349296.789012

query T
select to_timestamp(extract(epoch from '2010-01-01 12:34:56.789012Z'::timestamp with time zone));
----
2010-01-01 12:34:56.789012+00:00

query R
select extract(epoch from to_timestamp(1262349296.7890123));
----
1262349296.789012

# Arithmetic are currently done in UTC rather than session TimeZone

# If this was done in PostgreSQL under 'US/Pacific', it will return 1 hour
# earlier because there are only 23 hours in this day due to Daylight Saving.
query T
select '2022-03-13 09:00:00Z'::timestamptz + interval '1' day - interval '24' hour;
----
2022-03-13 09:00:00+00:00
