statement ok
SET RW_IMPLICIT_FLUSH TO true;

statement ok
create table t (v1 int, v2 int, v3 int);

statement ok
insert into t values (1, 2, 3), (4, 3, 2), (4, 2, 3), (1, 3, 2);

query I rowsort
select distinct v1 from t;
----
1
4

query I
select distinct sum(v1) from t group by v2;
----
5

# v2, v3 can be either 2, 3 or 3, 2
query I
select distinct on(v1) v2 + v3 from t order by v1;
----
5
5

statement ok
drop table t
