statement ok
SET RW_IMPLICIT_FLUSH TO true;

statement ok
create table t(v1 smallint, v2 bigint, v3 real, v4 varchar)

statement ok
insert into t values (3, 4, 1.5, 'bar'), (2, 5, 2.5, 'ba')

query IIRT
select min(v1), min(v2), min(v3), min(v4) from t
----
2 4 1.5 ba

query IIRT
select max(v1), max(v2), max(v3), max(v4) from t
----
3 5 2.5 bar

statement ok
drop table t
