statement ok
SET RW_IMPLICIT_FLUSH TO true;

query B
SELECT true AS true;
----
t

query B
SELECT bool 't' AS true;
----
t

query B
SELECT bool '   f           ' AS false;
----
f

query B
SELECT not bool 'f' AS true;
----
t

query B
SELECT bool 't' = bool 'f' AS false;
----
f

query B
SELECT bool 't' <> bool 'f' AS true;
----
t

query B
SELECT bool 't' > bool 'f' AS true;
----
t

query B
SELECT bool 't' >= bool 'f' AS true;
----
t

query B
SELECT bool 'f' < bool 't' AS true;
----
t

query B
SELECT bool 'f' <= bool 't' AS true;
----
t

query BB
SELECT 'TrUe'::varchar::boolean AS true, 'fAlse'::varchar::boolean AS false;
----
t f

query BB
SELECT '    true   '::varchar::boolean AS true,
       '     FALSE'::varchar::boolean AS false;
----
t f

statement ok
CREATE TABLE TB1(v1 bool);

statement ok
INSERT INTO TB1(v1) VALUES (true), (false), (NULL);

query BBBBBBB rowsort
SELECT v1 is true,
       v1 is not true,
       v1 is false,
       v1 is not false,
       v1 is null
FROM TB1;
----
t f f t f
f t t f f
f t f t t



statement ok
DROP TABLE TB1;

query BB
select true AND NULL, false OR NULL;
----
NULL NULL

query BB
select false AND NULL, true OR NULL;
----
f t

query BB
select NULL AND NULL, NULL OR NULL;
----
NULL NULL

query BB
select not TRUE, not NULL;
----
f NULL

query BBBBBB
select 'true'::bool is true,
       'true'::bool IS NOT TRUE,
       'true'::bool IS FALSE,
       'true'::bool is not false;
----
t f f t

query B
select booleq(true,true),
       booleq(true,false),
       booleq(false,true),
       booleq(false,false),
       boolne(true,true),
       boolne(true,false),
       boolne(false,true),
       booleq('true'::bool,false),
       booleq('true'::bool,true),
       boolne('true'::bool,false),
       boolne('true'::bool,true);
----
t f f t f t t f t t f