statement ok
SET RW_IMPLICIT_FLUSH TO true;

query I
select generate_series from generate_series('2008-03-01 00:00:00'::TIMESTAMP,'2008-03-04 12:00:00'::TIMESTAMP, interval '12' hour)
----
2008-03-01 00:00:00
2008-03-01 12:00:00
2008-03-02 00:00:00
2008-03-02 12:00:00
2008-03-03 00:00:00
2008-03-03 12:00:00
2008-03-04 00:00:00
2008-03-04 12:00:00

query I
select * from generate_series(timestamp '2020-01-01 01:02:03', timestamp '2021-01-01 03:04:05', interval '1' month);
----
2020-01-01 01:02:03
2020-02-01 01:02:03
2020-03-01 01:02:03
2020-04-01 01:02:03
2020-05-01 01:02:03
2020-06-01 01:02:03
2020-07-01 01:02:03
2020-08-01 01:02:03
2020-09-01 01:02:03
2020-10-01 01:02:03
2020-11-01 01:02:03
2020-12-01 01:02:03
2021-01-01 01:02:03

query I
select * from generate_series(timestamp '2021-01-01 03:04:05', timestamp '2020-01-01 01:02:03', interval '1' month-interval '60' day);
----
2021-01-01 03:04:05
2020-12-03 03:04:05
2020-11-04 03:04:05
2020-10-05 03:04:05
2020-09-06 03:04:05
2020-08-07 03:04:05
2020-07-09 03:04:05
2020-06-10 03:04:05
2020-05-11 03:04:05
2020-04-12 03:04:05
2020-03-13 03:04:05
2020-02-13 03:04:05
2020-01-13 03:04:05

query I
SELECT * FROM generate_series('2'::INT,'10'::INT,'2'::INT)
----
2
4
6
8
10

query I
SELECT * FROM generate_series('2'::INT + '2'::INT,'10'::INT,'2'::INT);
----
4
6
8
10

query I
SELECT generate_series FROM generate_series('2'::INT + '2'::INT,'10'::INT,'2'::INT);
----
4
6
8
10

query I
SELECT * FROM generate_series('10'::INT,'2'::INT,'-2'::INT);
----
10
8
6
4
2

statement error
SELECT * FROM generate_series('2'::INT,'10'::INT,'0'::INT);

query I
SELECT * FROM generate_series('2'::INT,'10'::INT,'-2'::INT);
----
