statement ok
SET RW_IMPLICIT_FLUSH TO true;

statement ok
create table t (v1 int);

statement ok
insert into t values (3);

query I rowsort
select * from t;
----
3

statement ok
insert into t values (2+2);

query I rowsort
select * from t;
----
3
4

statement ok
insert into t values (7), (8), (9);

query I rowsort
select * from t;
----
3
4
7
8
9

statement ok
insert into t values (2+3), (2+4), (3+4);

query I rowsort
select * from t;
----
3
4
5
6
7
7
8
9

statement ok
insert into t values (12), (6+7), (44);

query I rowsort
select * from t;
----
3
4
5
6
7
7
8
9
12
13
44

statement ok
drop table t;
