statement ok
SET RW_IMPLICIT_FLUSH TO true;

statement ok
create table t3 (v1 int, v2 int, v3 int);

statement ok
insert into t3 values(1, 2, NULL);

statement ok
flush;

query III
select v1, v2, v3 from t3;
----
1 2 NULL

query III
select * from t3;
----
1 2 NULL

query III
select t3.* from t3;
----
1 2 NULL

query III
select count(*) from t3;
----
1

statement ok
drop table t3;

statement error
select * from t2 \gdesc
