statement ok
SET RW_IMPLICIT_FLUSH TO true;

statement ok
CREATE TABLE orders (
        order_id BIGINT,
        user_id BIGINT,
        date INTEGER);

statement ok 
CREATE MATERIALIZED VIEW orders_count_by_user AS
      SELECT user_id, date, count(*) AS orders_count 
      FROM orders 
      GROUP BY user_id, date;

statement ok
insert into orders values 
    (0, 42, 1111), 
    (1, 42, 2222),
    (2, 42, 2222),
    (3, 43, 1111),
    (4, 43, 2222),
    (5, 42, 3333);

query III
SELECT * FROM orders_count_by_user WHERE user_id = 42;
----
42 1111 1
42 2222 2
42 3333 1

query III
SELECT * FROM orders_count_by_user WHERE user_id < 43;
----
42 1111 1
42 2222 2
42 3333 1

query III
SELECT * FROM orders_count_by_user WHERE user_id > 42;
----
43 1111 1
43 2222 1

query III
SELECT * FROM orders_count_by_user WHERE user_id >= 43;
----
43 1111 1
43 2222 1

query III
SELECT * FROM orders_count_by_user WHERE user_id = 42 AND date = 2222;
----
42 2222 2

query III
SELECT * FROM orders_count_by_user WHERE date > 1111 AND user_id = 42 AND 5<6 AND date <= 3333
----
42 2222 2
42 3333 1

statement ok
drop materialized view orders_count_by_user;

statement ok 
CREATE MATERIALIZED VIEW orders_count_by_user AS
      SELECT user_id, date, count(*) AS orders_count 
      FROM orders 
      GROUP BY user_id, date 
      ORDER BY orders_count;

query III
SELECT * FROM orders_count_by_user;
----
42 1111 1
42 3333 1
43 1111 1
43 2222 1
42 2222 2

query III
SELECT * FROM orders_count_by_user WHERE orders_count=2;
----
42 2222 2

statement ok
drop materialized view orders_count_by_user;

statement ok
drop table orders;