statement ok
SET RW_IMPLICIT_FLUSH TO true;

statement ok
CREATE TABLE orders (
        order_id BIGINT,
        user_id BIGINT,
        date INTEGER);

statement ok 
CREATE MATERIALIZED VIEW orders_count_by_user AS
      SELECT user_id, date, count(*) AS orders_count 
      FROM orders 
      GROUP BY user_id, date;

statement ok
insert into orders values 
    (0, 42, 1111), 
    (1, 42, 2222),
    (2, 42, 2222),
    (3, 43, 1111),
    (4, 43, 2222),
    (5, 42, 3333),
    (6, 2147483648, 1111),
    (7, 2147483648, 1111),
    (8, 2147483648, 2222),
    (9, 2147483648, 3333),
    (10, 2147483649, 1111),
    (11, NULL, NULL),
    (NULL, 9999, NULL),
    (NULL, NULL, 8888);

query III rowsort
SELECT * FROM orders_count_by_user WHERE user_id = 42;
----
42 1111 1
42 2222 2
42 3333 1

query III rowsort
SELECT * FROM orders_count_by_user WHERE user_id < 43;
----
42 1111 1
42 2222 2
42 3333 1

query III rowsort
SELECT * FROM orders_count_by_user WHERE user_id > 42 AND user_id < 100;
----
43 1111 1
43 2222 1

query III rowsort
SELECT * FROM orders_count_by_user WHERE user_id >= 43 AND user_id < 100;
----
43 1111 1
43 2222 1

query III
SELECT * FROM orders_count_by_user WHERE user_id = 42 AND date = 2222;
----
42 2222 2

query III rowsort
SELECT * FROM orders_count_by_user WHERE user_id = 42 AND date in (2222, 3333);
----
42 2222 2
42 3333 1

# Test same value in `in` is deduplicated.
query III rowsort
SELECT * FROM orders_count_by_user WHERE user_id = 42 AND date in (2222, 2222, 3333);
----
42 2222 2
42 3333 1

query III rowsort
SELECT * FROM orders_count_by_user WHERE user_id in (2147483648, 2147483649) AND date = 1111;
----
2147483648 1111 2
2147483649 1111 1

query III rowsort
SELECT * FROM orders_count_by_user WHERE user_id in (2147483648, 2147483649) AND date in (1111, 2222);
----
2147483648 1111 2
2147483648 2222 1
2147483649 1111 1

query III rowsort
SELECT * FROM orders_count_by_user WHERE date > 1111 AND user_id = 42 AND 5<6 AND date <= 3333
----
42 2222 2
42 3333 1

query III rowsort
SELECT * FROM orders_count_by_user WHERE user_id is null order by user_id, date, orders_count;
----
NULL 8888 1
NULL NULL 1

query III rowsort
SELECT * FROM orders_count_by_user WHERE user_id = 9999 and date is null;
----
9999 NULL 1


query III rowsort
SELECT * FROM orders_count_by_user WHERE user_id = 9999 or user_id is null order by user_id, date, orders_count;
----
9999 NULL 1
NULL 8888 1
NULL NULL 1

query III rowsort
SELECT * FROM orders_count_by_user WHERE user_id = 9999 or (user_id is null and date is null) order by user_id, date, orders_count;
----
9999 NULL 1
NULL NULL 1

query III rowsort
SELECT * FROM orders_count_by_user WHERE user_id = 9999 or (user_id = 9999 and date is null) order by user_id, date, orders_count;
----
9999 NULL 1

statement ok
drop materialized view orders_count_by_user;

statement ok 
CREATE MATERIALIZED VIEW orders_count_by_user AS
      SELECT user_id, date, count(*) AS orders_count 
      FROM orders 
      GROUP BY user_id, date 
      ORDER BY orders_count;

query III rowsort
SELECT * FROM orders_count_by_user WHERE user_id < 100;
----
42 1111 1
42 3333 1
43 1111 1
43 2222 1
42 2222 2

query III
SELECT * FROM orders_count_by_user WHERE orders_count=2 AND user_id < 100;
----
42 2222 2

statement ok
drop materialized view orders_count_by_user;

statement ok
drop table orders;