statement ok
SET RW_IMPLICIT_FLUSH TO true;

statement ok
create table t1 (x int, y int)

statement ok
create table t2 (x int, y int)

statement ok
insert into t1 values (1, 1), (2, 2)

statement ok
insert into t2 values (1, 2), (2, 2)

query III
select * from t1 where exists(select * from t2 where t1.x = t2.x and t1.y <> t2.y)
----
1 1

query III
select * from t1 where not exists(select * from t2 where t1.x = t2.x and t1.y <> t2.y)
----
2 2



statement ok
drop table t1;

statement ok
drop table t2;